{
  "train_loss": [
    1.2233640706702456,
    1.0010791328399693,
    0.91349225256541,
    0.8480713208244272,
    0.7811191874007656,
    0.7135893115986428,
    0.7010030387199089,
    0.642924078591338,
    0.6019848839605235,
    0.588444184290764,
    0.5427678971802263,
    0.5003321617161303,
    0.5148701375205768,
    0.48578592964775485,
    0.46672553184642096,
    0.47887614695993186,
    0.44204550865850495,
    0.4296911881394582,
    0.422268164960761,
    0.39094539252046034,
    0.41791463813417035,
    0.38134703632086925,
    0.3787771393311078,
    0.3741846457804175,
    0.37059764979092497,
    0.3695243118356352,
    0.3367595161273055,
    0.3420816327543019,
    0.34205784669069395,
    0.3108671067376115,
    0.32189060557106314,
    0.32254107242033364,
    0.3216246539667317,
    0.2977664954109823,
    0.30277630445211445,
    0.30572234505796,
    0.3091962664775108,
    0.31576343118872274,
    0.29622700555275566
  ],
  "val_loss": [
    2.414747019023581,
    2.0670084487897897,
    1.834581913855215,
    1.975860756156567,
    1.549053033470691,
    1.494693674984064,
    1.637452786765096,
    1.5713980493102737,
    1.6351067603259342,
    1.6430954441569534,
    1.574055832680975,
    1.4218965090934004,
    1.5570369607141716,
    1.5707423966108294,
    1.5159561836415985,
    1.4313784580021218,
    1.5547946805187423,
    1.4837516094527718,
    1.6172701728028531,
    1.5074924568027719,
    1.4461818050278823,
    1.5208264304231063,
    1.693736886418705,
    1.4488556142217566,
    1.4489065886019947,
    1.529579114211659,
    1.5520142164458886,
    1.4484883627174976,
    1.4835219764733278,
    1.546580724280534,
    1.5008669116172086,
    1.4993731586920043,
    1.495180115780709,
    1.540437188138976,
    1.504249196914334,
    1.5121544654882377,
    1.5440463876343344,
    1.519037383648972,
    1.527748489879812
  ],
  "train_bacc": [
    0.25888369867062594,
    0.33062134192296005,
    0.3625501927274528,
    0.4051190048416845,
    0.4336829235693708,
    0.4642476513866317,
    0.47587214058049637,
    0.5008282396071138,
    0.5171364482356758,
    0.5241967288166969,
    0.5457778224529134,
    0.5522023128072868,
    0.5535314897597711,
    0.5731525015078677,
    0.5851429435484921,
    0.5825402053227142,
    0.5971423207420361,
    0.6065611432329101,
    0.6169562929738079,
    0.6230696851712442,
    0.6214638074876173,
    0.6295059171455257,
    0.6330813604768136,
    0.6493823156783715,
    0.6395574764882502,
    0.6516898088770412,
    0.6599589306331728,
    0.6634179056184164,
    0.6612171146205927,
    0.6719187182026988,
    0.675785269589828,
    0.6801180105070339,
    0.6801462572078876,
    0.6908509874472301,
    0.6883435802101232,
    0.6878829441395543,
    0.6829879308040139,
    0.6821515444332805,
    0.6884195997462033
  ],
  "val_bacc": [
    0.2881166208752416,
    0.3425613583034872,
    0.398115143983472,
    0.39006682949274757,
    0.47958912508972784,
    0.49319678312428145,
    0.46813999646325577,
    0.4933291574383373,
    0.46936059710726,
    0.4923307739561257,
    0.5048636796835659,
    0.543664698069746,
    0.5254152828734698,
    0.5473252533192655,
    0.554250325964311,
    0.5516862417915801,
    0.5505437573657178,
    0.5849554740481466,
    0.5451021454505279,
    0.5790381516259699,
    0.5822834715306167,
    0.588761749789744,
    0.5793135214383003,
    0.5897835348036585,
    0.5827252630724956,
    0.5799234636277492,
    0.6041745081042448,
    0.591856822623483,
    0.6110211085400918,
    0.5934210222728487,
    0.6097623692074171,
    0.6024109143617628,
    0.5918508139559551,
    0.5993097714795101,
    0.6049398258548228,
    0.5996441832233179,
    0.6041338669076325,
    0.6028867372282358,
    0.6033070084538762
  ],
  "train_f1": [
    0.15892094352719902,
    0.2398800462038271,
    0.2764504393804477,
    0.3213598790850406,
    0.36386460625409406,
    0.40154341444613806,
    0.4137599502450757,
    0.43743610494943846,
    0.4606162865726196,
    0.46902682781841015,
    0.4947562798868703,
    0.5020013107961291,
    0.498225873055985,
    0.5239381465134151,
    0.5390236758236752,
    0.5318449356324411,
    0.5518067836906162,
    0.5644681617333712,
    0.5798267796155657,
    0.581844516454085,
    0.582691339969214,
    0.5944789816362972,
    0.5963822361431527,
    0.6159741231833521,
    0.6037436619382825,
    0.6221489626567516,
    0.62703587788101,
    0.634655562129718,
    0.6301917024376339,
    0.642588303845581,
    0.6491054002227798,
    0.654956296994741,
    0.6533052498535719,
    0.6667699122771987,
    0.6662758568975562,
    0.6647506249166991,
    0.6589463904030931,
    0.6573273182631162,
    0.6640223785645667
  ],
  "val_f1": [
    0.04928791038654074,
    0.08456757405663314,
    0.09935441385151497,
    0.1029350975537312,
    0.1585789407941984,
    0.18892829136584965,
    0.17246014733746176,
    0.2164842498901721,
    0.2361593214730795,
    0.2583831314739824,
    0.2158766200389684,
    0.25962493951761517,
    0.23780873941139985,
    0.25894831663611545,
    0.2655928945598713,
    0.2898641258440574,
    0.2869719991409333,
    0.3519844337316384,
    0.249518127562422,
    0.3420960097605077,
    0.33918534726492705,
    0.34448622792524825,
    0.3678599001169412,
    0.3476463783037465,
    0.3741443295365125,
    0.32301108931856726,
    0.39854457484286865,
    0.37222006070905783,
    0.3666999576607418,
    0.3801370411907908,
    0.3864018486159994,
    0.38524535084969724,
    0.39519983785961665,
    0.39679238925411636,
    0.40728479345739743,
    0.39541739745988097,
    0.39749930363349684,
    0.3991228542294295,
    0.40143758043184413
  ],
  "train_precision": [
    0.30259501921396337,
    0.31084962691079127,
    0.3142699908249306,
    0.5084517014661927,
    0.40232030958506354,
    0.5478090842317874,
    0.5599062449970309,
    0.5538824604878985,
    0.5692115566298667,
    0.582100076083108,
    0.5927522667468942,
    0.6001420343363082,
    0.6012346916106077,
    0.6091604252853335,
    0.6158514287516924,
    0.6207028696388843,
    0.6286967630197438,
    0.6447939759049534,
    0.6506449579648657,
    0.6540148311233898,
    0.6527289333204566,
    0.6586035685930646,
    0.6699371297062113,
    0.6852095969186592,
    0.6646879739431267,
    0.6811838924059571,
    0.6880582053453772,
    0.6928354783790595,
    0.6860847880059789,
    0.6970804764286334,
    0.7045825290717564,
    0.7004280818550405,
    0.7058605110062661,
    0.7167289675403415,
    0.7138983278490912,
    0.7142767259415581,
    0.7065938688457728,
    0.7075251051126676,
    0.7136200752781943
  ],
  "val_precision": [
    0.11884576126110553,
    0.08372921670301792,
    0.1084314580598386,
    0.1486920611345019,
    0.29490229008053065,
    0.31303242970306566,
    0.2992962590607297,
    0.3136145214241827,
    0.3034237004947186,
    0.3193968325600175,
    0.2971594238577672,
    0.31736802574506656,
    0.3167678081607278,
    0.3116276064767368,
    0.34056358067735454,
    0.33364462987742305,
    0.33810972195461847,
    0.3610645777300213,
    0.3077952051805333,
    0.3522003879994958,
    0.3448492872234425,
    0.35044198422323475,
    0.3661743065078306,
    0.3491268455740883,
    0.35989080349157054,
    0.3366329772397826,
    0.3862842035654575,
    0.3667659575498726,
    0.35776962512110294,
    0.36979327048036137,
    0.368043812583478,
    0.3677674023331169,
    0.37703059048815374,
    0.37870014928590173,
    0.3869848502673416,
    0.37731515603436927,
    0.376483736121534,
    0.3790221067493829,
    0.38046308208820606
  ],