{
  "accuracy": 0.7776677809722995,
  "precision": 0.580943029632247,
  "recall": 0.7776677809722995,
  "f1_score": 0.6367618649002106,
  "f1_weighted": 0.6678785839736912,
  "roc_auc": 0.9431863842121684,
  "per_class": {
    "nv": {
      "precision": 0.984251968503937,
      "recall": 0.5588673621460507,
      "f1 score": 0.7129277566539924,
      "auc": 0.9458939851689097
    },
    "mel": {
      "precision": 0.3,
      "recall": 0.7767857142857143,
      "f1 score": 0.43283582089552236,
      "auc": 0.8512640449438201
    },
    "bkl": {
      "precision": 0.5276073619631901,
      "recall": 0.7818181818181819,
      "f1 score": 0.63003663003663,
      "auc": 0.919578067672238
    },
    "bcc": {
      "precision": 0.5348837209302325,
      "recall": 0.9019607843137255,
      "f1 score": 0.6715328467153284,
      "auc": 0.9908867858394672
    },
    "akiec": {
      "precision": 0.5531914893617021,
      "recall": 0.7878787878787878,
      "f1 score": 0.65,
      "auc": 0.9844263064077305
    },
    "vasc": {
      "precision": 0.6666666666666666,
      "recall": 1.0,
      "f1 score": 0.8,
      "auc": 0.9994216310005783
    },
    "df": {
      "precision": 0.5,
      "recall": 0.6363636363636364,
      "f1 score": 0.56,
      "auc": 0.9108338684524354
    }
  }
}