{
  "accuracy": 0.7201262397656529,
  "precision": 0.5367537970654507,
  "recall": 0.7201262397656529,
  "f1_score": 0.5743226590733157,
  "f1_weighted": 0.5803376403859292,
  "roc_auc": 0.9236602864648288,
  "per_class": {
    "nv": {
      "precision": 0.9836065573770492,
      "recall": 0.44709388971684055,
      "f1 score": 0.6147540983606558,
      "auc": 0.9190773566980788
    },
    "mel": {
      "precision": 0.23480662983425415,
      "recall": 0.7589285714285714,
      "f1 score": 0.35864978902953587,
      "auc": 0.81526886035313
    },
    "bkl": {
      "precision": 0.45454545454545453,
      "recall": 0.6818181818181818,
      "f1 score": 0.5454545454545454,
      "auc": 0.8742458214431309
    },
    "bcc": {
      "precision": 0.5476190476190477,
      "recall": 0.9019607843137255,
      "f1 score": 0.6814814814814815,
      "auc": 0.976247912414177
    },
    "akiec": {
      "precision": 0.4489795918367347,
      "recall": 0.6666666666666666,
      "f1 score": 0.5365853658536586,
      "auc": 0.9650060981330332
    },
    "vasc": {
      "precision": 0.6666666666666666,
      "recall": 0.8571428571428571,
      "f1 score": 0.75,
      "auc": 0.9983371891266628
    },
    "df": {
      "precision": 0.42105263157894735,
      "recall": 0.7272727272727273,
      "f1 score": 0.5333333333333333,
      "auc": 0.9174387670855884
    }
  }
}