{
  "accuracy": 0.5952873325187005,
  "precision": 0.34474283800972266,
  "recall": 0.5952873325187005,
  "f1_score": 0.35149597279751726,
  "f1_weighted": 0.4484992177605669,
  "roc_auc": 0.8600347050829692,
  "per_class": {
    "nv": {
      "precision": 0.990990990990991,
      "recall": 0.32786885245901637,
      "f1 score": 0.49272116461366183,
      "auc": 0.8751018680690317
    },
    "mel": {
      "precision": 0.22115384615384615,
      "recall": 0.6160714285714286,
      "f1 score": 0.32547169811320753,
      "auc": 0.738172150882825
    },
    "bkl": {
      "precision": 0.3515625,
      "recall": 0.4090909090909091,
      "f1 score": 0.37815126050420167,
      "auc": 0.7186913982878108
    },
    "bcc": {
      "precision": 0.3465346534653465,
      "recall": 0.6862745098039216,
      "f1 score": 0.4605263157894737,
      "auc": 0.9246819653203027
    },
    "akiec": {
      "precision": 0.22321428571428573,
      "recall": 0.7575757575757576,
      "f1 score": 0.3448275862068966,
      "auc": 0.9232886136910904
    },
    "vasc": {
      "precision": 0.17307692307692307,
      "recall": 0.6428571428571429,
      "f1 score": 0.2727272727272727,
      "auc": 0.9320416425679584
    },
    "df": {
      "precision": 0.10666666666666667,
      "recall": 0.7272727272727273,
      "f1 score": 0.18604651162790697,
      "auc": 0.908265296761765
    }
  }
}