{
  "accuracy": 0.4664655429981232,
  "precision": 0.6648541485602527,
  "recall": 0.4664655429981232,
  "f1_score": 0.4816055555804356,
  "f1_weighted": 0.7935005852570917,
  "roc_auc": 0.9511528211512091,
  "per_class": {
    "nv": {
      "precision": 0.8962131837307152,
      "recall": 0.9523099850968704,
      "f1 score": 0.9234104046242775,
      "auc": 0.960279332375811
    },
    "mel": {
      "precision": 0.6593406593406593,
      "recall": 0.5357142857142857,
      "f1 score": 0.5911330049261084,
      "auc": 0.9141653290529694
    },
    "bkl": {
      "precision": 0.5984251968503937,
      "recall": 0.6909090909090909,
      "f1 score": 0.6413502109704642,
      "auc": 0.9291275988585406
    },
    "bcc": {
      "precision": 0.5,
      "recall": 0.6274509803921569,
      "f1 score": 0.5565217391304348,
      "auc": 0.9580421022246964
    },
    "akiec": {
      "precision": 1.0,
      "recall": 0.030303030303030304,
      "f1 score": 0.058823529411764705,
      "auc": 0.95734434124527
    },
    "vasc": {
      "precision": 1.0,
      "recall": 0.42857142857142855,
      "f1 score": 0.6,
      "auc": 0.9924089068825911
    },
    "df": {
      "precision": 0.0,
      "recall": 0.0,
      "f1 score": 0.0,
      "auc": 0.9467021374185854
    }
  }
}