{
  "accuracy": 0.31998187501528186,
  "precision": 0.45321716330210243,
  "recall": 0.31998187501528186,
  "f1_score": 0.336982378897554,
  "f1_weighted": 0.7015817264804318,
  "roc_auc": 0.8895633114191596,
  "per_class": {
    "nv": {
      "precision": 0.8177083333333334,
      "recall": 0.9359165424739195,
      "f1 score": 0.8728283530229326,
      "auc": 0.9109053988950973
    },
    "mel": {
      "precision": 0.4482758620689655,
      "recall": 0.3482142857142857,
      "f1 score": 0.39195979899497485,
      "auc": 0.8650381219903692
    },
    "bkl": {
      "precision": 0.45555555555555555,
      "recall": 0.37272727272727274,
      "f1 score": 0.41,
      "auc": 0.8405218100285365
    },
    "bcc": {
      "precision": 0.45098039215686275,
      "recall": 0.45098039215686275,
      "f1 score": 0.45098039215686275,
      "auc": 0.9400837096142348
    },
    "akiec": {
      "precision": 0.5,
      "recall": 0.06060606060606061,
      "f1 score": 0.10810810810810811,
      "auc": 0.9293867467242081
    },
    "vasc": {
      "precision": 0.5,
      "recall": 0.07142857142857142,
      "f1 score": 0.125,
      "auc": 0.8595286292654714
    },
    "df": {
      "precision": 0.0,
      "recall": 0.0,
      "f1 score": 0.0,
      "auc": 0.8814787634162002
    }
  }
}