{
  "accuracy": 0.746926818417382,
  "precision": 0.8201355854367768,
  "recall": 0.746926818417382,
  "f1_score": 0.7760363313919478,
  "f1_weighted": 0.8722255634838978,
  "roc_auc": 0.9745154128356796,
  "per_class": {
    "nv": {
      "precision": 0.9287790697674418,
      "recall": 0.9523099850968704,
      "f1 score": 0.9403973509933775,
      "auc": 0.971589502073381
    },
    "mel": {
      "precision": 0.7378640776699029,
      "recall": 0.6785714285714286,
      "f1 score": 0.7069767441860465,
      "auc": 0.9417435794542536
    },
    "bkl": {
      "precision": 0.7058823529411765,
      "recall": 0.7636363636363637,
      "f1 score": 0.7336244541484717,
      "auc": 0.9659396657154504
    },
    "bcc": {
      "precision": 0.8297872340425532,
      "recall": 0.7647058823529411,
      "f1 score": 0.7959183673469388,
      "auc": 0.9905568957341085
    },
    "akiec": {
      "precision": 0.8636363636363636,
      "recall": 0.5757575757575758,
      "f1 score": 0.6909090909090909,
      "auc": 0.9796103449354223
    },
    "vasc": {
      "precision": 0.8,
      "recall": 0.8571428571428571,
      "f1 score": 0.8275862068965517,
      "auc": 0.9987709658762289
    },
    "df": {
      "precision": 0.875,
      "recall": 0.6363636363636364,
      "f1 score": 0.7368421052631579,
      "auc": 0.9733969360609118
    }
  }
}