{
  "train_loss": [
    1.3720675110816956,
    0.7056369649492986,
    0.4804943065120749,
    0.33485826986021106,
    0.2628834574870323,
    0.21435740532259964,
    0.18953604433158217,
    0.1626834122285451,
    0.1438806600460451,
    0.1314578169199838,
    0.11882013960243905,
    0.11330236457968683,
    0.10604299577675998,
    0.10360040877983995,
    0.09821216318943457,
    0.09294327871967532,
    0.09387807299693425,
    0.09581793111549121,
    0.09796481206162608,
    0.09127191148834414
  ],
  "val_loss": [
    2.0922707790026234,
    1.6748322690658075,
    1.3636220379347095,
    1.185974502944375,
    1.0757515160845805,
    0.9446263362096062,
    0.872740171935281,
    0.8629594959738965,
    0.7822928124228776,
    0.7639692235278654,
    0.7817446684099351,
    0.7637063674610136,
    0.7506014199716355,
    0.7446868476484397,
    0.7285383217226429,
    0.7103483125202904,
    0.7163353101408487,
    0.7227049126841697,
    0.7243512600466899,
    0.7205659664099775
  ],
  "train_bacc": [
    0.22564998036621814,
    0.3675606927974223,
    0.49583880302939726,
    0.6107100358600691,
    0.6584595647775543,
    0.6970371346786893,
    0.7382948030977075,
    0.7677483937810035,
    0.7847570684750529,
    0.8000166999530051,
    0.8165887560593463,
    0.8207976235103518,
    0.8316487216716578,
    0.8340100647310618,
    0.8393297790346029,
    0.8414262059011258,
    0.846690413716655,
    0.8420324869583693,
    0.847381080937326,
    0.8486349703526688
  ],
  "val_bacc": [
    0.26820765441455097,
    0.4212731039793237,
    0.558216090412856,
    0.6310537065045734,
    0.6550851251728822,
    0.6852154911524181,
    0.7304808958976532,
    0.7398170343651731,
    0.7671120349071072,
    0.7661493291551918,
    0.7679192388256683,
    0.7742985035928467,
    0.7729954920695967,
    0.7699278288179576,
    0.7867808438669828,
    0.7836642957839918,
    0.7815809424495797,
    0.7827129042285733,
    0.7767599689934672,
    0.7765341505542722
  ],
  "train_f1": [
    0.1235813167417542,
    0.2530025769619578,
    0.40073995949541036,
    0.5285018504305384,
    0.5950170297402954,
    0.6476462040010882,
    0.7075729701974113,
    0.7447509467073258,
    0.7656438746144366,
    0.786742026685471,
    0.8052979887864405,
    0.8088582943274014,
    0.8217086749576473,
    0.8218929503870868,
    0.831468565490564,
    0.8327760138994744,
    0.8399938307092042,
    0.8309381525702405,
    0.8415781594870013,
    0.8405890278495335
  ],
  "val_f1": [
    0.04447185561854282,
    0.08320561105436264,
    0.20427451581523454,
    0.2650187627576369,
    0.31079437974304974,
    0.392338628885495,
    0.4675109303730186,
    0.48004315630583283,
    0.5512013915020303,
    0.5740203734329459,
    0.5522847799296645,
    0.5736557881394606,
    0.5964995333252292,
    0.6028756479699633,
    0.6093414186407584,
    0.5907688170266463,
    0.5939246172646068,
    0.5937999036980919,
    0.5998758257638207,
    0.6196977613969734
  ],
  "train_precision": [
    0.16993694565117612,
    0.39463021677305404,
    0.4561220643254194,
    0.5405010703890725,
    0.5709019558847368,
    0.7412459645497916,
    0.7742803540319957,
    0.7909023086952406,
    0.8021699136192476,
    0.8180371184144137,
    0.832755705576624,
    0.839519209252502,
    0.8475154414435854,
    0.8472840414286928,
    0.8567295497396363,
    0.8569987599932096,
    0.8605450680610734,
    0.8502629227854658,
    0.8615392962127967,
    0.8626324931519236
  ],
  "val_precision": [
    0.029421747896417497,
    0.050089225144139785,
    0.18380312847430516,
    0.2061488334057955,
    0.3663761897582169,
    0.4012662658349799,
    0.4503982554261087,
    0.4458469712677943,
    0.4971652048061106,
    0.5274493482790472,
    0.501719937132382,
    0.5241706368960661,
    0.5434890499711285,
    0.5534495677996726,
    0.5572186974479572,
    0.5314874057438135,
    0.5365702720552956,
    0.5354349284938239,
    0.5414898130144097,
    0.5654066480028989
  ],
  "train_roc_auc": [
    0.6435806302904028,
    0.8046606648650603,
    0.8774673618375826,
    0.9180942321518534,
    0.9378482905494833,
    0.9494818011535547,
    0.9574311847828787,
    0.9634667485842489,
    0.9659353846327658,
    0.970290813965205,
    0.97341231009902,
    0.9749390054048825,
    0.9763455399382035,
    0.9774541558576894,
    0.9786152081937038,
    0.9794486969394892,
    0.9789618125026855,
    0.9789738512101452,
    0.9782558212804233,
    0.9800885301502201
  ],
  "val_roc_auc": [
    0.7074333241459946,
    0.78401183864967,
    0.8368790160744334,
    0.8694870586942557,
    0.8820664995799101,
    0.896802905864175,
    0.9061988915782982,
    0.9116201413662204,
    0.9208817709844694,
    0.9254315665421287,
    0.9251392892363458,
    0.9294412023674493,
    0.9305618021133041,
    0.9350192032178749,
    0.9367421968615667,
    0.9360477516725897,
    0.9370125748989496,
    0.9364307767535613,
    0.9362242482835768,
    0.9372178113482892
  ],
  "best_epoch": 15,
  "best_val_bacc": 0.7867808438669828
}