{
  "train_loss": [
    0.9518364192960469,
    0.38601771071893437,
    0.2397130372419477,
    0.21057958794613135,
    0.16813881053976273,
    0.14243918929470184,
    0.12163249252695743,
    0.11662911488483213,
    0.09881189383022045,
    0.09147229923369134,
    0.08511718977072603,
    0.08100887865134299,
    0.07389248357703017,
    0.06735549434662273,
    0.07096075150928541,
    0.06521726647587535,
    0.05941765029068407,
    0.06250245086040739,
    0.053807970640338855,
    0.05263935185365005
  ],
  "val_loss": [
    1.442320678689988,
    1.0110803572344769,
    0.79971225256927,
    0.8647604124342508,
    0.8683377286522495,
    0.7023126313047175,
    0.6920601003061695,
    0.6554995858246722,
    0.6192759838749394,
    0.583943684102295,
    0.656852285831021,
    0.5958362502927966,
    0.6160699945357937,
    0.626749721218572,
    0.613368330005402,
    0.5914814694785977,
    0.5942836357127174,
    0.5974755501723326,
    0.5873772779882281,
    0.5887060120173591
  ],
  "train_bacc": [
    0.3759320940785735,
    0.6151256521011044,
    0.723130967020377,
    0.7702175893336128,
    0.7889341685459392,
    0.816075964601447,
    0.8301365014069838,
    0.8343906508984575,
    0.8558982629543692,
    0.8610559284683524,
    0.8738739315735834,
    0.8722989758737353,
    0.8762570308070224,
    0.8874172739516786,
    0.8832187415845019,
    0.8871520285039617,
    0.89228487001708,
    0.8942162557757973,
    0.8971061099534644,
    0.9008119889248069
  ],
  "val_bacc": [
    0.5192185128151791,
    0.6672643906486472,
    0.7578075804857816,
    0.7436083076771903,
    0.7429106437154248,
    0.7927265738000545,
    0.7873443110329067,
    0.7952993821394622,
    0.801842403050112,
    0.8128676567510338,
    0.8080674442377315,
    0.8155169658018204,
    0.8311111914268976,
    0.8080347946268444,
    0.8156968396540732,
    0.8297030508808148,
    0.8257836665157408,
    0.8104609322003411,
    0.8236887904202811,
    0.8226214187918878
  ],
  "train_f1": [
    0.3071084216149238,
    0.57494108456829,
    0.7064573408491324,
    0.7594538726736645,
    0.7802436729579547,
    0.8090645338007825,
    0.8252397342216372,
    0.8276792463692678,
    0.8500480839087573,
    0.8559502283205507,
    0.8689008387593146,
    0.8682605388460635,
    0.8723907186428749,
    0.8840031996137341,
    0.8786374877649882,
    0.8835256791863167,
    0.8884659989026257,
    0.891425647694861,
    0.8944102284963977,
    0.8980211506855943
  ],
  "val_f1": [
    0.18906698459316212,
    0.37439276342261935,
    0.4881772531158107,
    0.4504398710584651,
    0.5078559861438695,
    0.6368068921521164,
    0.6001533362584043,
    0.6293223862899369,
    0.675894860839932,
    0.6812247478870048,
    0.6799421772728023,
    0.6846767975543858,
    0.6691641962661838,
    0.6818179922183887,
    0.6979621981992408,
    0.6825653359673715,
    0.6852439985000949,
    0.7032032022644471,
    0.7032983515022203,
    0.7064215700704616
  ],
  "train_precision": [
    0.369642326478568,
    0.6440296240888311,
    0.743740429466035,
    0.7822557333621785,
    0.802760840357563,
    0.8253986266757354,
    0.8430923040808663,
    0.8404297478454776,
    0.861146226587387,
    0.8671370602661338,
    0.8797141458152998,
    0.88052143627243,
    0.8858620547846081,
    0.894988023416453,
    0.8889081396165313,
    0.898862637113237,
    0.9014463842372192,
    0.902682193602797,
    0.9077099285114288,
    0.9108214877149774
  ],
  "val_precision": [
    0.2681702377636052,
    0.37607896900531956,
    0.4381150013109195,
    0.4091846141123012,
    0.46231156419623065,
    0.5840965092944357,
    0.5410026219080193,
    0.5696811901076947,
    0.6212900249223213,
    0.6310698655535606,
    0.628539721143924,
    0.629798497249757,
    0.6061717560523577,
    0.6328372205702858,
    0.6615084944862648,
    0.6221326141760748,
    0.6319086465792723,
    0.6598484949676123,
    0.6532885698342322,
    0.6587262236752228
  ],
  "train_roc_auc": [
    0.7657247378651952,
    0.9197017969198586,
    0.9510611343405432,
    0.9613718210389263,
    0.9657206154610286,
    0.9726869427846331,
    0.9778378878416512,
    0.9783435425858524,
    0.9813715444254135,
    0.9826308821389761,
    0.9853006209334759,
    0.9848432251496286,
    0.9862596913638252,
    0.9874432314403815,
    0.9867878734436488,
    0.9876703072308113,
    0.9883000094603922,
    0.9888298522434411,
    0.9897917328095198,
    0.9899856872806018
  ],
  "val_roc_auc": [
    0.8283421756872321,
    0.8960526301552428,
    0.9263322697606101,
    0.9216472588274426,
    0.9229662418193068,
    0.9473062582854043,
    0.9465806378396618,
    0.9507116377110642,
    0.9566513828501514,
    0.9610332427962697,
    0.9568516443820488,
    0.9607787680330124,
    0.9576580388637562,
    0.9588456099850056,
    0.9627811693012587,
    0.960409214808658,
    0.9620779188352716,
    0.9633561733360969,
    0.9630727527218952,
    0.9632141754140061
  ],
  "best_epoch": 13,
  "best_val_bacc": 0.8311111914268976
}